,id,first_name,last_name,email,gender,language
0,1,Hamilton,Sorsby,hsorsby0@accuweather.com,Genderqueer,Dzongkha
1,2,Ringo,Rapkins,rrapkins1@paypal.com,Genderfluid,Guaran√≠
2,3,Wilton,Logan,wlogan2@wikipedia.org,Bigender,New Zealand Sign Language
3,4,Alfie,Casaro,acasaro3@dagondesign.com,Female,New Zealand Sign Language
4,5,Carlin,Gwilt,cgwilt4@statcounter.com,Polygender,Haitian Creole
5,6,Annabela,Ojeda,aojeda5@1und1.de,Genderqueer,Estonian
6,7,Dayle,Hurne,dhurne6@cargocollective.com,Female,Romanian
7,8,Odo,Sikorsky,osikorsky7@eepurl.com,Male,Irish Gaelic
8,9,Revkah,Symper,rsymper8@springer.com,Genderqueer,Khmer
9,10,Clarence,Tangye,ctangye9@macromedia.com,Polygender,Ndebele
